Theme,DirectionScore
immune,1.0
inflammatory,0.111798735446016
metabolic,0.11718439521741768
