Theme,DirectionScore
immune,1.0
inflammatory,0.08465514007759445
metabolic,0.08873321645779131
